波次,波次名,风险,检查项
1,基础设施与网络就绪,低,确认回退方案已验证（在预发环境完整演练过至少 1 次）
1,基础设施与网络就绪,低,确认监控告警已接入，且告警接收人已确认在岗
1,基础设施与网络就绪,低,确认割接窗口已与业务方书面确认（涉及停机的必须提前通知）
1,基础设施与网络就绪,低,确认数据备份已完成且可恢复（迁移前做一次全量快照）
1,基础设施与网络就绪,低,确认 VPC 与现有 IDC 路由可达，MTU 已核对
1,基础设施与网络就绪,低,确认安全组策略最小化放通
2,存储与分布式存储迁移,低,确认回退方案已验证（在预发环境完整演练过至少 1 次）
2,存储与分布式存储迁移,低,确认监控告警已接入，且告警接收人已确认在岗
2,存储与分布式存储迁移,低,确认割接窗口已与业务方书面确认（涉及停机的必须提前通知）
2,存储与分布式存储迁移,低,确认数据备份已完成且可恢复（迁移前做一次全量快照）
2,存储与分布式存储迁移,低,确认新旧存储数据一致性校验脚本已就绪
2,存储与分布式存储迁移,低,确认对象存储的跨区复制规则已关闭或已评估流量费用
3,数据库与中间件迁移,高,确认回退方案已验证（在预发环境完整演练过至少 1 次）
3,数据库与中间件迁移,高,确认监控告警已接入，且告警接收人已确认在岗
3,数据库与中间件迁移,高,确认割接窗口已与业务方书面确认（涉及停机的必须提前通知）
3,数据库与中间件迁移,高,确认数据备份已完成且可恢复（迁移前做一次全量快照）
3,数据库与中间件迁移,高,确认双写开关可一键关闭（开关本身要有回滚预案）
3,数据库与中间件迁移,高,确认一致性校验连续 72 小时无差异
3,数据库与中间件迁移,高,确认慢查询与锁等待指标在双写期未劣化
4,应用与依赖服务迁移,中,确认回退方案已验证（在预发环境完整演练过至少 1 次）
4,应用与依赖服务迁移,中,确认监控告警已接入，且告警接收人已确认在岗
4,应用与依赖服务迁移,中,确认割接窗口已与业务方书面确认（涉及停机的必须提前通知）
4,应用与依赖服务迁移,中,确认数据备份已完成且可恢复（迁移前做一次全量快照）
4,应用与依赖服务迁移,中,确认所有定时任务/批处理已在新环境完成一轮完整跑通
4,应用与依赖服务迁移,中,确认服务注册发现已切到新注册中心
5,业务流量切换与老系统下线,中,确认回退方案已验证（在预发环境完整演练过至少 1 次）
5,业务流量切换与老系统下线,中,确认监控告警已接入，且告警接收人已确认在岗
5,业务流量切换与老系统下线,中,确认割接窗口已与业务方书面确认（涉及停机的必须提前通知）
5,业务流量切换与老系统下线,中,确认数据备份已完成且可恢复（迁移前做一次全量快照）
5,业务流量切换与老系统下线,中,确认证书与域名切换方案已备案（提前 7 天）
5,业务流量切换与老系统下线,中,确认老系统进入只读观察期而非立即停机
5,业务流量切换与老系统下线,中,确认下线前完成一次完整的数据归档与核对
